{
  "Total" : {
    "transaction" : "Total",
    "sampleCount" : 6000,
    "errorCount" : 4000,
    "errorPct" : 66.666664,
    "meanResTime" : 84.56833333333374,
    "medianResTime" : 63.0,
    "minResTime" : 28.0,
    "maxResTime" : 469.0,
    "pct1ResTime" : 136.0,
    "pct2ResTime" : 188.0,
    "pct3ResTime" : 284.0,
    "throughput" : 97.9447917856968,
    "receivedKBytesPerSec" : 75.79667502938344,
    "sentKBytesPerSec" : 15.431405997486083
  },
  "Github /user api" : {
    "transaction" : "Github /user api",
    "sampleCount" : 2000,
    "errorCount" : 2000,
    "errorPct" : 100.0,
    "meanResTime" : 126.9075,
    "medianResTime" : 107.0,
    "minResTime" : 68.0,
    "maxResTime" : 469.0,
    "pct1ResTime" : 236.0,
    "pct2ResTime" : 270.0,
    "pct3ResTime" : 331.96000000000004,
    "throughput" : 32.6482639285656,
    "receivedKBytesPerSec" : 37.89833751469172,
    "sentKBytesPerSec" : 7.715702998743041
  },
  "Github /user api-0" : {
    "transaction" : "Github /user api-0",
    "sampleCount" : 2000,
    "errorCount" : 0,
    "errorPct" : 0.0,
    "meanResTime" : 57.36100000000006,
    "medianResTime" : 50.0,
    "minResTime" : 28.0,
    "maxResTime" : 284.0,
    "pct1ResTime" : 90.0,
    "pct2ResTime" : 107.0,
    "pct3ResTime" : 157.0,
    "throughput" : 32.68401098182769,
    "receivedKBytesPerSec" : 2.9683720911230225,
    "sentKBytesPerSec" : 3.8620755164073737
  },
  "Github /user api-1" : {
    "transaction" : "Github /user api-1",
    "sampleCount" : 2000,
    "errorCount" : 2000,
    "errorPct" : 100.0,
    "meanResTime" : 69.43650000000007,
    "medianResTime" : 57.0,
    "minResTime" : 31.0,
    "maxResTime" : 308.0,
    "pct1ResTime" : 146.0,
    "pct2ResTime" : 172.0,
    "pct3ResTime" : 197.0,
    "throughput" : 32.80032800328003,
    "receivedKBytesPerSec" : 35.095918537310375,
    "sentKBytesPerSec" : 3.875820008200082
  }
}