{
  "Total" : {
    "transaction" : "Total",
    "sampleCount" : 1500,
    "errorCount" : 1000,
    "errorPct" : 66.666664,
    "meanResTime" : 104.06133333333337,
    "medianResTime" : 81.0,
    "minResTime" : 29.0,
    "maxResTime" : 919.0,
    "pct1ResTime" : 209.9000000000001,
    "pct2ResTime" : 276.0,
    "pct3ResTime" : 407.8800000000001,
    "throughput" : 24.74594166556685,
    "receivedKBytesPerSec" : 19.158095377045665,
    "sentKBytesPerSec" : 3.8987746634551934
  },
  "Github /user api" : {
    "transaction" : "Github /user api",
    "sampleCount" : 500,
    "errorCount" : 500,
    "errorPct" : 100.0,
    "meanResTime" : 156.15199999999993,
    "medianResTime" : 108.0,
    "minResTime" : 68.0,
    "maxResTime" : 919.0,
    "pct1ResTime" : 287.90000000000003,
    "pct2ResTime" : 341.95,
    "pct3ResTime" : 473.94000000000005,
    "throughput" : 8.248647221855615,
    "receivedKBytesPerSec" : 9.579047688522833,
    "sentKBytesPerSec" : 1.9493873317275967
  },
  "Github /user api-0" : {
    "transaction" : "Github /user api-0",
    "sampleCount" : 500,
    "errorCount" : 0,
    "errorPct" : 0.0,
    "meanResTime" : 70.74400000000006,
    "medianResTime" : 52.0,
    "minResTime" : 29.0,
    "maxResTime" : 689.0,
    "pct1ResTime" : 113.0,
    "pct2ResTime" : 140.0,
    "pct3ResTime" : 301.85000000000014,
    "throughput" : 8.256547442121603,
    "receivedKBytesPerSec" : 0.7498622188645596,
    "sentKBytesPerSec" : 0.9756271879850722
  },
  "Github /user api-1" : {
    "transaction" : "Github /user api-1",
    "sampleCount" : 500,
    "errorCount" : 500,
    "errorPct" : 100.0,
    "meanResTime" : 85.288,
    "medianResTime" : 58.0,
    "minResTime" : 33.0,
    "maxResTime" : 369.0,
    "pct1ResTime" : 179.90000000000003,
    "pct2ResTime" : 206.95,
    "pct3ResTime" : 274.0,
    "throughput" : 8.281847845891374,
    "receivedKBytesPerSec" : 8.86544313579746,
    "sentKBytesPerSec" : 0.9786167864773989
  }
}