{
  "HTTP Request-1" : {
    "transaction" : "HTTP Request-1",
    "sampleCount" : 240,
    "errorCount" : 240,
    "errorPct" : 100.0,
    "meanResTime" : 798.8333333333335,
    "medianResTime" : 912.0,
    "minResTime" : 132.0,
    "maxResTime" : 989.0,
    "pct1ResTime" : 957.0,
    "pct2ResTime" : 960.0,
    "pct3ResTime" : 986.59,
    "throughput" : 1.9252984212552946,
    "receivedKBytesPerSec" : 2.2364907600717174,
    "sentKBytesPerSec" : 0.22750108298036195
  },
  "Total" : {
    "transaction" : "Total",
    "sampleCount" : 720,
    "errorCount" : 480,
    "errorPct" : 66.666664,
    "meanResTime" : 706.7736111111112,
    "medianResTime" : 902.0,
    "minResTime" : 63.0,
    "maxResTime" : 1243.0,
    "pct1ResTime" : 1216.0,
    "pct2ResTime" : 1223.0,
    "pct3ResTime" : 1234.79,
    "throughput" : 5.757052389176741,
    "receivedKBytesPerSec" : 4.8069607111159085,
    "sentKBytesPerSec" : 0.9070355977739398
  },
  "HTTP Request-0" : {
    "transaction" : "HTTP Request-0",
    "sampleCount" : 240,
    "errorCount" : 0,
    "errorPct" : 0.0,
    "meanResTime" : 260.3125000000001,
    "medianResTime" : 290.5,
    "minResTime" : 63.0,
    "maxResTime" : 408.0,
    "pct1ResTime" : 317.9,
    "pct2ResTime" : 319.0,
    "pct3ResTime" : 329.36,
    "throughput" : 1.921183449004587,
    "receivedKBytesPerSec" : 0.17448248120842438,
    "sentKBytesPerSec" : 0.22701484114214357
  },
  "HTTP Request" : {
    "transaction" : "HTTP Request",
    "sampleCount" : 240,
    "errorCount" : 240,
    "errorPct" : 100.0,
    "meanResTime" : 1061.175,
    "medianResTime" : 1210.0,
    "minResTime" : 212.0,
    "maxResTime" : 1243.0,
    "pct1ResTime" : 1226.9,
    "pct2ResTime" : 1231.95,
    "pct3ResTime" : 1239.0,
    "throughput" : 1.9190174630589139,
    "receivedKBytesPerSec" : 2.4034803555579543,
    "sentKBytesPerSec" : 0.4535177988869699
  }
}