{
  "Total" : {
    "transaction" : "Total",
    "sampleCount" : 3456,
    "errorCount" : 2304,
    "errorPct" : 66.666664,
    "meanResTime" : 189.7152777777778,
    "medianResTime" : 171.0,
    "minResTime" : 71.0,
    "maxResTime" : 562.0,
    "pct1ResTime" : 293.0,
    "pct2ResTime" : 316.0,
    "pct3ResTime" : 393.0,
    "throughput" : 97.90368271954675,
    "receivedKBytesPerSec" : 75.60120839235128,
    "sentKBytesPerSec" : 15.424929178470256
  },
  "Github /user api" : {
    "transaction" : "Github /user api",
    "sampleCount" : 1152,
    "errorCount" : 1152,
    "errorPct" : 100.0,
    "meanResTime" : 284.5946180555558,
    "medianResTime" : 276.0,
    "minResTime" : 218.0,
    "maxResTime" : 562.0,
    "pct1ResTime" : 339.0,
    "pct2ResTime" : 370.0,
    "pct3ResTime" : 437.7000000000003,
    "throughput" : 32.63456090651558,
    "receivedKBytesPerSec" : 37.80060419617564,
    "sentKBytesPerSec" : 7.712464589235128
  },
  "Github /user api-0" : {
    "transaction" : "Github /user api-0",
    "sampleCount" : 1152,
    "errorCount" : 0,
    "errorPct" : 0.0,
    "meanResTime" : 106.65190972222214,
    "medianResTime" : 103.0,
    "minResTime" : 71.0,
    "maxResTime" : 289.0,
    "pct1ResTime" : 126.0,
    "pct2ResTime" : 137.3499999999999,
    "pct3ResTime" : 203.8800000000001,
    "throughput" : 32.832673069797934,
    "receivedKBytesPerSec" : 2.981873628409382,
    "sentKBytesPerSec" : 3.8796420326616694
  },
  "Github /user api-1" : {
    "transaction" : "Github /user api-1",
    "sampleCount" : 1152,
    "errorCount" : 1152,
    "errorPct" : 100.0,
    "meanResTime" : 177.89930555555597,
    "medianResTime" : 171.0,
    "minResTime" : 120.0,
    "maxResTime" : 373.0,
    "pct1ResTime" : 213.0,
    "pct2ResTime" : 252.0,
    "pct3ResTime" : 316.94000000000005,
    "throughput" : 32.9039444745937,
    "receivedKBytesPerSec" : 35.124284599840045,
    "sentKBytesPerSec" : 3.888063751392419
  }
}