{
  "Total" : {
    "transaction" : "Total",
    "sampleCount" : 329775,
    "errorCount" : 219850,
    "errorPct" : 66.666664,
    "meanResTime" : 86.21348191948965,
    "medianResTime" : 67.0,
    "minResTime" : 26.0,
    "maxResTime" : 659.0,
    "pct1ResTime" : 144.0,
    "pct2ResTime" : 174.95000000000073,
    "pct3ResTime" : 227.0,
    "throughput" : 1098.7628817890736,
    "receivedKBytesPerSec" : 849.3900581679623,
    "sentKBytesPerSec" : 177.40442362219417
  },
  "Github /user api" : {
    "transaction" : "Github /user api",
    "sampleCount" : 109925,
    "errorCount" : 109925,
    "errorPct" : 100.0,
    "meanResTime" : 129.33889470093456,
    "medianResTime" : 111.0,
    "minResTime" : 60.0,
    "maxResTime" : 659.0,
    "pct1ResTime" : 177.0,
    "pct2ResTime" : 196.0,
    "pct3ResTime" : 263.0,
    "throughput" : 366.2542939296912,
    "receivedKBytesPerSec" : 424.6950290839811,
    "sentKBytesPerSec" : 88.70221181109709
  },
  "Github /user api-0" : {
    "transaction" : "Github /user api-0",
    "sampleCount" : 109925,
    "errorCount" : 0,
    "errorPct" : 0.0,
    "meanResTime" : 61.94559017511972,
    "medianResTime" : 51.0,
    "minResTime" : 26.0,
    "maxResTime" : 586.0,
    "pct1ResTime" : 91.0,
    "pct2ResTime" : 115.0,
    "pct3ResTime" : 153.9900000000016,
    "throughput" : 366.3324102123178,
    "receivedKBytesPerSec" : 34.343663457404794,
    "sentKBytesPerSec" : 44.36056529914786
  },
  "Github /user api-1" : {
    "transaction" : "Github /user api-1",
    "sampleCount" : 109925,
    "errorCount" : 109925,
    "errorPct" : 100.0,
    "meanResTime" : 67.35596088242049,
    "medianResTime" : 57.0,
    "minResTime" : 27.0,
    "maxResTime" : 567.0,
    "pct1ResTime" : 98.0,
    "pct2ResTime" : 121.0,
    "pct3ResTime" : 174.0,
    "throughput" : 366.6305344784457,
    "receivedKBytesPerSec" : 390.75969120007505,
    "sentKBytesPerSec" : 44.39666628449929
  }
}